{"video": {"_type": "video-file", "sha256": "96f1b6b34108bcb908e827c391b502ac2e018a5effa25b23b5df3afc13fad8bd", "size": 48668, "path": "media/videos/video_15000_96f1b6b34108bcb908e8.mp4", "width": 84, "height": 84}, "_timestamp": 1695503349.8136773, "_runtime": 170.79849433898926, "_step": 16000, "training/return": 42.55381774902344, "training/length": 1000, "training/time": 163.350773, "training/actor_loss": -1690786.0, "training/critic_loss": 0.004116271622478962, "training/q": -0.6857165098190308, "eval_video": {"_type": "video-file", "sha256": "483e268639f985e62186de4ed50c0a060e0621926f72221d90fa194728d51b08", "size": 224233, "path": "media/videos/eval_video_10000_483e268639f985e62186.mp4", "width": 84, "height": 84}, "evaluation/return": 38.31406784057617, "_wandb": {"runtime": 178}}