{"video": {"_type": "video-file", "sha256": "f04521f289ce1d80d700174bb36e4393e36d85d5dce137164ce353e7da33c289", "size": 50572, "path": "media/videos/video_4000_f04521f289ce1d80d700.mp4", "width": 84, "height": 84}, "_timestamp": 1695503008.2006645, "_runtime": 90.38358640670776, "_step": 5000, "training/return": 14.303770065307617, "training/length": 1000, "training/time": 64.993518, "training/actor_loss": -25766706282496.0, "training/critic_loss": 0.001825997605919838, "training/q": -1.0463536977767944, "_wandb": {"runtime": 163}, "eval_video": {"_type": "video-file", "sha256": "859a4cd1d5a1afda3bc794e781718c3dc698183ef7a4c432c2c6ae3d85167c54", "size": 46717, "path": "media/videos/eval_video_5000_859a4cd1d5a1afda3bc7.mp4", "width": 84, "height": 84}}