{"video": {"_type": "video-file", "sha256": "897752d87d06f5e7d52a1d5e87753e7216e20d71c51e575e35dc1df2af1a7ecc", "size": 226996, "path": "media/videos/video_9000_897752d87d06f5e7d52a.mp4", "width": 84, "height": 84}, "_timestamp": 1695514958.601286, "_runtime": 61.06296181678772, "_step": 10000, "training/return": 29.45050811767578, "training/length": 1000, "training/time": 55.072897, "_wandb": {"runtime": 60}}