{"video": {"_type": "video-file", "sha256": "7ac3b287d17a75f9096c4f5652b40e969d2c1bbb87f2c92be3abc15b2e6684f6", "size": 67225, "path": "media/videos/video_163000_7ac3b287d17a75f9096c.mp4", "width": 84, "height": 84}, "_timestamp": 1695519475.270627, "_runtime": 3800.716227054596, "_step": 163000, "training/return": 18.497730255126953, "training/length": 1000, "training/time": 3777.408389, "training/actor_loss_mag": 1.3414920179679232e+16, "training/actor_loss_max": 7794692406116352.0, "training/actor_loss_mean": 91376796565504.0, "training/actor_loss_min": -1.3414920179679232e+16, "training/actor_loss_std": 1576897242726400.0, "training/critic_jacobian_mag": 0.4798298180103302, "training/critic_jacobian_max": 0.4798298180103302, "training/critic_jacobian_mean": 0.0007353477412834764, "training/critic_jacobian_min": -0.4308435618877411, "training/critic_jacobian_std": 0.05360705778002739, "training/critic_loss_mag": 0.02027260698378086, "training/critic_loss_max": 0.02027260698378086, "training/critic_loss_mean": 0.00022853667906019837, "training/critic_loss_min": 1.176800878965878e-10, "training/critic_loss_std": 0.001291771768592298, "training/eps_pred_mag": 7.051547744036454e+16, "training/eps_pred_max": 1.0431285856043008e+16, "training/eps_pred_mean": -3480259244589056.0, "training/eps_pred_min": -7.051547744036454e+16, "training/eps_pred_std": 1.330676968194048e+16, "training/qs_mag": 3.9575917720794678, "training/qs_max": 3.9575917720794678, "training/qs_mean": 1.3624005317687988, "training/qs_min": 0.34935882687568665, "training/qs_std": 0.7266161441802979, "training/target_qs_mag": 3.8152098655700684, "training/target_qs_max": 3.8152098655700684, "training/target_qs_mean": 1.3602731227874756, "training/target_qs_min": 0.3442206084728241, "training/target_qs_std": 0.7247711420059204, "eval_video": {"_type": "video-file", "sha256": "08bcfcc0c0785cd374361b60c2811b137dd1581d339b0be393c02eb120d0f539", "size": 55351, "path": "media/videos/eval_video_160000_08bcfcc0c0785cd37436.mp4", "width": 84, "height": 84}, "evaluation/return": 5.300933361053467}