{"video": {"_type": "video-file", "sha256": "9f6e4485b82e33993f57b1afa5f3c14890617113c63d4fcb6048d37de2875676", "size": 210299, "path": "media/videos/video_8000_9f6e4485b82e33993f57.mp4", "width": 84, "height": 84}, "_timestamp": 1695514759.485212, "_runtime": 56.62121510505676, "_step": 9000, "training/return": 26.876956939697266, "training/length": 1000, "training/time": 51.180659, "_wandb": {"runtime": 60}}