{"video": {"_type": "video-file", "sha256": "344462c2000efb3fade6026a9bb790822e0482dfa0dc5fdda4d076373176b9ba", "size": 219527, "path": "media/videos/video_9000_344462c2000efb3fade6.mp4", "width": 84, "height": 84}, "_timestamp": 1695515051.2223852, "_runtime": 63.81819224357605, "_step": 10000, "training/return": 30.188655853271484, "training/length": 1000, "training/time": 53.871335, "_wandb": {"runtime": 63}, "training/actor_loss_mag": 0.40128567814826965, "training/actor_loss_max": 0.40128567814826965, "training/actor_loss_mean": 0.02299341931939125, "training/actor_loss_min": -0.37905311584472656, "training/actor_loss_std": 0.11065749824047089, "training/critic_jacobian_mag": 0.3082997798919678, "training/critic_jacobian_max": 0.20429545640945435, "training/critic_jacobian_mean": -0.007437083870172501, "training/critic_jacobian_min": -0.3082997798919678, "training/critic_jacobian_std": 0.0796108990907669, "training/critic_loss_mag": 20.105714797973633, "training/critic_loss_max": 20.105714797973633, "training/critic_loss_mean": 1.078047275543213, "training/critic_loss_min": 1.431302462151507e-05, "training/critic_loss_std": 1.9252376556396484, "training/eps_pred_mag": 2.7377915382385254, "training/eps_pred_max": 1.8755507469177246, "training/eps_pred_mean": -0.15425728261470795, "training/eps_pred_min": -2.7377915382385254, "training/eps_pred_std": 0.5567691922187805, "training/qs_mag": 3.2153711318969727, "training/qs_max": 3.2153711318969727, "training/qs_mean": -0.07843254506587982, "training/qs_min": -2.4381983280181885, "training/qs_std": 0.7929325103759766, "training/target_qs_mag": 2.479792356491089, "training/target_qs_max": 0.44076764583587646, "training/target_qs_mean": -0.6033523678779602, "training/target_qs_min": -2.479792356491089, "training/target_qs_std": 0.5371392965316772}